{"frames":{"north":{"frame":{"x":0,"y":0,"w":34,"h":24},"sourceSize":{"w":34,"h":24},"anchor":{"x":0,"y":0},"__key":"tK9w"},"east":{"frame":{"x":34,"y":0,"w":34,"h":24},"sourceSize":{"w":34,"h":24},"anchor":{"x":0,"y":0},"__key":"snPC"},"south":{"frame":{"x":0,"y":24,"w":34,"h":24},"sourceSize":{"w":34,"h":24},"anchor":{"x":0,"y":0},"__key":"xWYV"},"west":{"frame":{"x":34,"y":24,"w":34,"h":24},"sourceSize":{"w":34,"h":24},"anchor":{"x":0,"y":0},"__key":"cpEx"},"icon":{"frame":{"x":68,"y":0,"w":25,"h":17},"sourceSize":{"w":25,"h":17},"anchor":{"x":0,"y":0},"__key":"H6ok"}},"animations":{},"meta":{"format":"RGBA8888","image":"sprite.png","size":{"w":96,"h":96},"scale":1}}